number,arrival,departure,name,phone,email,no_of_people,status
10000000,2020-05-05,2020-05-16,Danielle Webb,+1-125-476-8450x273,kemperik@simpson.info,5,NEW
10000000,2020-04-07,2020-04-23,Christine Maldonado,1443076206,alex81@smith.com,3,NEW
10000001,2020-03-26,2020-04-13,Chloe Wagner,230.076.5891,jeffersonjordan@yahoo.com,5,NEW
10000002,2020-03-23,2020-04-18,Kelly Morgan,943-642-6964x6642,warrendiane@jones.net,5,CANCELLED
10000003,2020-04-05,2020-04-23,Michael Brown Jr.,+1-682-221-8893x0843,valerie09@hotmail.com,5,NEW
10000004,2020-03-27,2020-04-29,Michele Kim,(898)552-5275,walkeremily@yahoo.com,1,CANCELLED
10000005,2020-04-05,2020-04-18,Emily Bell,548-658-3185x615,whitefaith@yahoo.com,4,NEW
10000006,2020-04-05,2020-04-25,Samantha Webb,986.964.5161,devin59@ortiz.biz,2,NEW
10000007,2020-03-27,2020-04-16,David Walker,+1-422-760-6651x509,alexandramaldonado@wallace.com,2,NEW
10000008,2020-03-17,2020-04-13,Dean Gordon,(017)465-1369,thomasmarshall@yahoo.com,3,NEW
10000009,2020-03-16,2020-04-18,Daniel Prince,0206943223,ernestwhite@gmail.com,5,NEW
10000010,2020-04-03,2020-04-16,Troy Rhodes,622-801-8185x212,rhondahicks@klein-young.com,3,NEW
10000011,2020-03-18,2020-04-13,Mrs. Tiffany Brown,315-273-8468x147,bautistamichele@hotmail.com,4,NEW
10000012,2020-03-31,2020-04-21,Daniel Smith,+1-124-219-7661x49007,gmitchell@hotmail.com,4,NEW
10000013,2020-03-26,2020-04-21,Virginia Riggs,217-870-1204,rachel98@jacobs-wagner.com,5,NEW
10000014,2020-03-29,2020-04-18,Paul Garza,296.814.6866x53514,alice26@brown.com,5,NEW
10000015,2020-03-30,2020-04-13,Cindy Bryant,+1-000-979-0059,watsonnathaniel@yahoo.com,4,NEW
10000016,2020-03-30,2020-04-27,Richard Watkins,001-151-727-9518x266,michelle63@simpson-lucas.com,3,NEW
10000017,2020-03-23,2020-04-29,Christina Ruiz,(264)781-5061x803,petersontyler@gmail.com,1,NEW
10000018,2020-03-30,2020-04-28,Amy Garcia,001-725-750-8050,robertwilliams@yahoo.com,4,NEW
10000019,2020-04-07,2020-04-18,Brian Williams,(033)107-6537,debbiesmith@malone.net,1,NEW
10000020,2020-03-24,2020-04-28,Audrey Sutton,568-749-5089x164,ofarrell@gmail.com,4,CANCELLED
10000021,2020-04-01,2020-04-15,Charles Little,+1-708-792-6620,melanie85@yahoo.com,5,NEW
10000022,2020-03-31,2020-04-20,Sandra Kim,001-430-106-1709,christopherhuff@moore.com,2,CANCELLED
10000023,2020-03-22,2020-04-13,Derrick Sims,001-879-337-5262,flemingerica@johnson.net,1,NEW
10000024,2020-03-21,2020-04-16,Jennifer Coleman,9716121078,lcook@yahoo.com,2,NEW
10000025,2020-03-23,2020-04-25,Samantha Todd,+1-292-037-5250,fullerrobert@vargas-warren.com,1,NEW
10000026,2020-04-02,2020-04-18,Jasmine Watkins,(592)695-8837x207,udelgado@terry.com,5,NEW
10000027,2020-03-18,2020-04-18,Elizabeth Hicks,+1-680-406-0487x583,kellis@lewis-garcia.com,1,NEW
10000028,2020-04-05,2020-04-14,Bryan Fitzgerald,(612)422-5365x99701,ljames@gmail.com,5,NEW
10000029,2020-03-21,2020-04-28,Ryan Sanders,591-827-5373x51481,joshua69@gmail.com,5,NEW
10000030,2020-03-16,2020-04-22,Danielle Herrera,(876)607-6014x908,blackjonathon@rivas.com,1,NEW
10000031,2020-03-26,2020-04-27,Brett Davidson,(919)099-0137,trevormoore@hodge.org,4,NEW
10000032,2020-03-17,2020-04-29,Cindy Ball,001-843-768-7524x5144,robertmorrison@mason.com,3,NEW
10000033,2020-04-09,2020-04-27,Mr. Daniel Harris,228-793-4645x725,fmckenzie@villarreal.info,1,NEW
10000034,2020-04-07,2020-04-18,Morgan Roy,703-865-8599x420,emma36@rice.com,5,NEW
10000035,2020-03-18,2020-04-18,Brooke Ramirez,340-540-6383x1178,sandydavis@hotmail.com,5,NEW
10000036,2020-04-07,2020-04-19,Kelsey Perry,907.732.1067,rossdominic@gmail.com,3,NEW
10000037,2020-03-17,2020-04-17,Amber Summers,3267071994,ypatton@yahoo.com,4,NEW
10000038,2020-03-27,2020-04-23,Christopher Hoover,+1-341-409-1497x053,sbuchanan@oconnor-brown.com,3,NEW
10000039,2020-04-07,2020-04-25,Amy Davis,822-064-4951,susan45@nelson.net,2,NEW
10000040,2020-04-01,2020-04-25,Emily Chavez,788-798-1724x3778,ibarnes@jackson-gutierrez.com,3,NEW
10000041,2020-03-20,2020-04-29,Stephanie Rojas,001-335-171-9152,leesanchez@gmail.com,4,NEW
10000042,2020-03-26,2020-04-13,Steven Park,+1-704-429-0929,daniel23@hotmail.com,4,NEW
10000043,2020-04-04,2020-04-11,Theresa Wheeler,1965433809,yreyes@taylor.com,3,NEW
10000044,2020-04-05,2020-04-25,Lisa Little,+1-861-014-0115x507,donald46@hotmail.com,2,NEW
10000045,2020-04-05,2020-04-28,Michael Wang,+1-936-310-4982x42600,jasonoliver@hotmail.com,2,CANCELLED
10000046,2020-03-27,2020-04-17,Christopher Bennett,(911)957-8328,michael49@powell-young.net,3,CANCELLED
10000047,2020-03-26,2020-04-23,Mary Nichols,2068869041,dyeralicia@yahoo.com,2,NEW
10000048,2020-03-25,2020-04-20,Theresa Leonard,(403)167-1254,mfrazier@miller-ray.com,2,NEW
10000049,2020-03-29,2020-04-19,Brittany Garrett,742.155.5821x301,travissteele@burns.com,4,NEW
10000050,2020-04-01,2020-04-17,Joshua Gutierrez,+1-582-499-7371x110,blankenshipjulia@miller-castillo.org,3,NEW
10000051,2020-03-23,2020-04-14,James Harris,7848370541,camposmichael@gonzales.com,5,NEW
10000052,2020-03-22,2020-04-23,Walter Garner,739-100-6961x4193,john61@colon.org,2,NEW
10000053,2020-03-31,2020-04-17,Nancy Harrison,795-844-9938,ttorres@french.com,1,NEW
10000054,2020-03-30,2020-04-20,Paul Adams,502.683.9440,cmcguire@gmail.com,4,NEW
10000055,2020-04-05,2020-04-20,Zachary White,+1-213-492-9136x3505,jwebb@yahoo.com,3,NEW
10000056,2020-03-25,2020-04-21,Mr. Stephen Garcia,001-578-231-8769,carriedavis@gmail.com,3,NEW
10000057,2020-03-28,2020-04-27,Corey Torres,001-222-364-1658x344,esoto@wright.com,4,NEW
10000058,2020-03-25,2020-04-13,Kristine Wiggins,4231437071,jennifervega@gmail.com,5,NEW
10000059,2020-04-01,2020-04-21,Caitlin Hamilton,539.207.4028x05725,atucker@olson-soto.biz,3,NEW
10000060,2020-03-26,2020-04-28,Monique West,164.814.6392,ramosmatthew@gmail.com,4,CANCELLED
10000061,2020-03-19,2020-04-27,Kelly Mcdaniel,+1-944-318-3567,alyssatate@hotmail.com,4,NEW
10000062,2020-04-03,2020-04-29,Kathleen Thompson,975.771.2980x650,elizabeth99@yahoo.com,2,NEW
10000063,2020-04-04,2020-04-16,Kayla Stokes,+1-443-026-5369x223,gina45@hicks.com,3,NEW
10000064,2020-04-01,2020-04-16,Ricky Bradley,001-048-056-6692x876,imiranda@gmail.com,2,NEW
10000065,2020-03-31,2020-04-22,Christopher Mason,(553)896-9994x2999,riggscraig@holloway-murphy.org,1,NEW
10000066,2020-03-28,2020-04-14,Marcia Carter,001-168-532-8502,vbyrd@davenport.info,1,NEW
10000067,2020-04-08,2020-04-21,Rachel Hoover,(012)356-7365x99278,sarah56@yahoo.com,5,NEW
10000068,2020-04-02,2020-04-15,Joshua Smith,100-063-0719,lhays@short.com,2,NEW
10000069,2020-03-29,2020-04-23,Curtis Carpenter,1043973438,andrewtorres@hotmail.com,2,NEW
10000070,2020-04-07,2020-04-18,Daniel Lee,+1-197-756-0882,taylorheather@hotmail.com,2,NEW
10000071,2020-03-19,2020-04-15,Debra Brown,001-473-576-1405x12863,dennishenson@garcia.com,1,CANCELLED
10000072,2020-04-07,2020-04-25,Anita Martin,794.585.9384,teresa27@yahoo.com,2,NEW
10000073,2020-04-07,2020-04-23,Amanda Johnson,(227)150-2362,hwalters@hotmail.com,3,NEW
10000074,2020-03-29,2020-04-28,Thomas Donaldson,4435394707,louisyork@livingston.com,4,NEW
10000075,2020-03-18,2020-04-20,Damon Smith,479-948-6641x51418,antonio11@yahoo.com,2,NEW
10000076,2020-03-31,2020-04-18,Jeremy Barrera,791-054-9140,kristenfrench@quinn-lloyd.com,2,NEW
10000077,2020-03-17,2020-04-25,Michelle Griffin,(910)882-7381x624,alyssa60@doyle.org,2,CANCELLED
10000078,2020-04-06,2020-04-19,Jacob Cruz,+1-404-826-8078x43799,ashleycallahan@hotmail.com,2,NEW
10000079,2020-03-28,2020-04-11,David Johnson,001-864-063-8932,forbescheryl@woods.com,5,NEW
10000080,2020-03-27,2020-04-18,Ian Medina,6681196652,blackelizabeth@ayers.biz,1,NEW
10000081,2020-04-08,2020-04-21,Emily Hayes,595-365-4638,rebeccatorres@hayden.net,4,NEW
10000082,2020-03-29,2020-04-24,Rebecca Parker,7170752100,alexabrown@gmail.com,2,NEW
10000083,2020-03-22,2020-04-26,Tyler Carlson,001-604-519-1414,ygomez@coffey.info,1,NEW
10000084,2020-04-02,2020-04-14,Donald Schroeder PhD,192-805-6723x5227,thuynh@jordan.net,2,NEW
10000085,2020-03-23,2020-04-21,Ruben Knight,001-760-686-3521x41116,frodriguez@bates.com,2,NEW
10000086,2020-03-23,2020-04-16,David Jones,137-087-6085,hudsonthomas@wood.com,5,NEW
10000087,2020-03-17,2020-04-13,Melvin Carpenter,001-895-746-3645x470,piercechris@yahoo.com,2,NEW
10000088,2020-03-24,2020-04-16,Leah Murphy,001-726-456-9632x4392,ntucker@yahoo.com,1,NEW
10000089,2020-04-05,2020-04-21,Andrew Russell,(295)103-3425,derekburton@townsend.org,2,NEW
10000090,2020-04-09,2020-04-26,Bryan Everett,848.059.0240,jodiking@thomas-jones.com,5,NEW
10000091,2020-03-31,2020-04-18,Dana Wells,(634)386-5016,kathleengarcia@hotmail.com,4,NEW
10000092,2020-04-01,2020-04-18,Jordan Robinson,6508345467,john53@watson-williams.biz,5,NEW
10000093,2020-03-20,2020-04-18,Amber Williams,001-716-459-6508,miguelmorgan@phillips.info,3,NEW
10000094,2020-03-26,2020-04-19,Amy Stein,+1-932-897-6682,sherri75@mason.com,1,NEW
10000095,2020-03-24,2020-04-12,Shelia Caldwell,081-360-1463,sbentley@wheeler-miller.com,1,NEW
10000096,2020-03-16,2020-04-21,Sara Mccoy,(595)848-3002,jeffreyodom@fuller.org,2,NEW
10000097,2020-03-22,2020-04-24,Darlene Parrish,7251653861,fitzpatrickdanielle@arnold-fischer.info,4,NEW
10000098,2020-03-17,2020-04-11,Jennifer Fry,001-034-554-2285x53267,maria88@yahoo.com,1,NEW
10000099,2020-03-27,2020-04-28,Natasha Strickland,440.663.3263,lisamoore@clark-robinson.com,5,NEW
10000100,2020-03-16,2020-04-13,Kenneth Webb,252.667.9312,tmanning@torres-richards.info,4,NEW
10000101,2020-03-19,2020-04-23,Lindsey Martin,5061415399,emily87@yahoo.com,3,NEW
10000102,2020-04-08,2020-04-25,Christine Brown,001-333-964-1817x7561,hannah58@wheeler-white.com,5,NEW
10000103,2020-03-28,2020-04-21,Charles Moore,034-732-9112x7676,tparker@jones-willis.com,2,NEW
10000104,2020-04-06,2020-04-17,Jennifer Foster,645-971-4445x7565,jacksonjennifer@gmail.com,1,NEW
10000105,2020-04-09,2020-04-25,Amy Owen,362-958-4956,sean23@king.com,2,NEW
10000106,2020-03-20,2020-04-16,James Chapman,579.525.1951,dgriffin@bailey.biz,1,NEW
10000107,2020-03-23,2020-04-22,Derrick Fox,170-795-6611,brian97@hotmail.com,3,NEW
10000108,2020-04-04,2020-04-20,Richard Willis,(727)187-3478x064,underwoodmark@martinez-mccoy.com,5,NEW
10000109,2020-04-01,2020-04-13,John Freeman,(712)662-4591x4665,susan98@gmail.com,4,NEW
10000110,2020-04-09,2020-04-25,Kimberly Sharp,+1-556-344-7500x530,douglasfarrell@avery-scott.com,5,NEW
10000111,2020-03-20,2020-04-17,Donna Roberts,(592)187-3921,stefanienguyen@russell.com,4,NEW
10000112,2020-03-16,2020-04-11,Jessica Cunningham,001-131-510-4144x355,whitehaley@hotmail.com,5,NEW
10000113,2020-03-26,2020-04-24,Julie Moody,4567300007,lisa41@gmail.com,5,NEW
10000114,2020-03-27,2020-04-19,Stephanie Moore,001-116-406-6931x5145,piercejose@cherry.biz,4,NEW
10000115,2020-04-08,2020-04-21,Sue Chavez,001-477-475-2714x853,byrdsheri@yahoo.com,5,NEW
10000116,2020-03-25,2020-04-22,Bobby Howard,964.416.1085x4665,meadowswesley@silva.com,1,CANCELLED
10000117,2020-03-23,2020-04-21,Alexis Fischer,745.678.9861,emilyjones@martinez.com,3,NEW
10000118,2020-03-21,2020-04-18,Patricia Becker,322.182.0518x3149,bakermichael@gmail.com,4,NEW
10000119,2020-03-22,2020-04-19,Cynthia Miranda,6348908699,rstout@johnson.biz,3,NEW
10000120,2020-04-09,2020-04-29,Jeremy Benson,408-188-2711x7437,michael61@hotmail.com,4,NEW
10000121,2020-04-06,2020-04-12,Craig Glass,+1-485-918-3318x179,russellhale@roy-allen.com,4,NEW
10000122,2020-03-21,2020-04-27,Amber Rush,(133)897-9431x3463,dsmith@yahoo.com,4,NEW
10000123,2020-03-26,2020-04-28,Ms. Pamela Ryan,001-966-810-7844,schmidtwayne@kirk-stewart.info,3,NEW
10000124,2020-04-01,2020-04-13,Elizabeth Cline,456-992-2301x61622,nelsonmitchell@gmail.com,4,NEW
10000125,2020-03-24,2020-04-16,Sheila Briggs,053.924.5977x11431,dgriffin@hotmail.com,3,NEW
10000126,2020-04-03,2020-04-22,Deanna Freeman,302-463-1239x227,larrywhite@clark.com,4,NEW
10000127,2020-03-17,2020-04-18,Mark Mason,(599)000-1139x2955,christopherbecker@smith.net,1,CANCELLED
10000128,2020-03-21,2020-04-20,Amanda Pena,+1-800-335-3861x6153,dawndavis@brown.com,3,NEW
10000129,2020-03-27,2020-04-14,Jessica Anderson,317.945.9918,cindygilbert@snow.com,3,NEW
10000130,2020-04-01,2020-04-27,Ana Craig,401.832.5189x518,marissabryant@gmail.com,4,NEW
10000131,2020-03-20,2020-04-20,Lisa Alexander,+1-373-686-5938,madelineserrano@yahoo.com,1,NEW
10000132,2020-04-07,2020-04-16,Deborah Lee MD,368-762-8606,kdavis@parker-smith.biz,3,NEW
10000133,2020-04-01,2020-04-15,Michael Johnson,+1-588-725-5913x8386,robert52@love-davis.com,2,NEW
10000134,2020-03-26,2020-04-23,Lauren Myers,001-528-772-9020x16794,joanwallace@gomez-garcia.com,5,NEW
10000135,2020-03-30,2020-04-19,Candace Griffith,+1-261-914-0378x3747,proctorwilliam@hotmail.com,5,NEW
10000136,2020-04-01,2020-04-19,Matthew Thomas,536.119.8830x29526,ndavis@carter.com,3,NEW
10000137,2020-03-18,2020-04-12,Dustin Smith,005.616.8951,lewisheather@bowen-reeves.com,3,NEW
10000138,2020-03-19,2020-04-24,Emily Phillips,+1-340-717-8341x913,nicholas76@palmer.com,1,NEW
10000139,2020-03-25,2020-04-18,Rebecca Figueroa,478-148-6938x268,hannah04@durham.com,4,NEW
10000140,2020-03-30,2020-04-11,John Atkins,+1-782-106-4563x151,marissapatel@barton.biz,3,NEW
10000141,2020-04-02,2020-04-20,Jennifer Bailey,207-432-2647,farrellheather@yahoo.com,4,NEW
10000142,2020-03-17,2020-04-29,Sandra Hernandez DDS,001-228-568-3505x660,joshua22@bright-mccann.org,3,NEW
10000143,2020-04-09,2020-04-19,Amy Cortez,876-130-6221,butlereric@hoffman.com,1,NEW
10000144,2020-04-01,2020-04-29,Michelle Hale,001-645-021-5324x56886,campbellerika@yahoo.com,3,NEW
10000145,2020-03-17,2020-04-13,Margaret Montgomery,212.464.9889x07501,epowers@gmail.com,5,NEW
10000146,2020-03-18,2020-04-25,Mary Fields,001-151-919-5115x306,robertgarner@smith.com,2,NEW
10000147,2020-04-04,2020-04-21,Martha Manning,675.113.8689,natalie96@gmail.com,4,NEW
10000148,2020-03-29,2020-04-21,Susan Hinton,751.531.2761x669,yguzman@gmail.com,4,NEW
10000149,2020-03-17,2020-04-16,Robert Parker,(335)810-4481x05202,odonnellhannah@elliott.com,5,NEW
10000150,2020-04-04,2020-04-25,Lisa Alvarez,+1-515-262-1176,uhayden@cisneros.com,3,NEW
10000151,2020-04-04,2020-04-24,Timothy Rosario,873-864-8173x97356,howardapril@wilson-gonzalez.net,5,NEW
10000152,2020-03-24,2020-04-29,Patrick Johns,111.662.2775x49464,pshort@gmail.com,3,NEW
10000153,2020-03-17,2020-04-11,Shane Ramirez,684.476.4106,jody84@hotmail.com,4,NEW
10000154,2020-04-08,2020-04-13,Nicholas Clayton,+1-672-921-0591x421,abrooks@yahoo.com,3,CANCELLED
10000155,2020-04-04,2020-04-11,Nichole Baker,164-537-4863x95283,ibauer@hotmail.com,5,CANCELLED
10000156,2020-03-16,2020-04-16,Mike Rodriguez,1673738137,ogood@perez.net,3,NEW
10000157,2020-04-08,2020-04-12,Michael Woods,(436)658-4514,kimberly38@alexander.info,1,NEW
10000158,2020-04-04,2020-04-14,Amy Rodriguez,506-288-3900x1912,patriciamason@gmail.com,4,NEW
10000159,2020-04-04,2020-04-23,Dana Wyatt,001-438-829-6620x8505,pbrown@hotmail.com,1,NEW
10000160,2020-03-26,2020-04-27,Carol Smith,9939906806,michellewallace@wilson.com,3,NEW
10000161,2020-04-03,2020-04-23,Peter Wyatt,(624)562-7326x2560,krista14@yahoo.com,2,NEW
10000162,2020-03-18,2020-04-16,Jordan Sanchez,537-407-3104x44050,sbutler@porter-smith.biz,5,NEW
10000163,2020-03-23,2020-04-13,Angela Butler,445.324.3186x765,qgalvan@hernandez.net,2,NEW
10000164,2020-04-07,2020-04-25,Nicole Price,(284)729-5140,luis33@martin.info,4,NEW
10000165,2020-04-07,2020-04-26,Darius Vaughn,561.460.3612,ojames@yahoo.com,2,NEW
10000166,2020-03-19,2020-04-19,Joseph Estes,(186)038-3211,smithjacqueline@cole-brewer.com,2,NEW
10000167,2020-03-27,2020-04-13,Sheri Ellison,356.373.2212,robert26@hooper.net,4,NEW
10000168,2020-03-28,2020-04-27,William Moore,152.060.7446x689,dunncolleen@yahoo.com,1,NEW
10000169,2020-04-07,2020-04-12,William Wilson,778-100-8358x05081,patricia24@morrison.net,5,NEW
10000170,2020-03-21,2020-04-29,Roger Smith,1995358746,nancyyoung@yahoo.com,2,NEW
10000171,2020-03-30,2020-04-29,Haley Hall,(813)624-5551x30767,suttonjohn@rice-ward.org,3,NEW
10000172,2020-04-05,2020-04-23,Marissa Jones,(893)938-2142,robert13@coleman-jackson.info,3,NEW
10000173,2020-03-25,2020-04-13,Marcus Lester,(482)416-5975x357,ylewis@lyons.com,1,NEW
10000174,2020-03-19,2020-04-16,Ronnie Lopez,859-223-7704,ktownsend@yahoo.com,4,NEW
10000175,2020-03-28,2020-04-18,Mr. Kenneth Rogers DVM,+1-197-635-5962x006,ryanmontes@moore.com,1,NEW
10000176,2020-04-01,2020-04-28,Christopher Baldwin,448.572.3247,cartertony@herrera-anderson.net,5,NEW
10000177,2020-04-03,2020-04-19,Mary Scott,017.085.8135x93031,hgonzales@hotmail.com,1,NEW
10000178,2020-03-21,2020-04-23,Nancy Garcia,001-131-636-1359,kimberlyjackson@hotmail.com,5,NEW
10000179,2020-03-27,2020-04-23,Carolyn Kelly,001-137-598-2892,reyesnatalie@hotmail.com,5,NEW
10000180,2020-03-25,2020-04-14,Amanda Fisher,+1-072-348-5678x305,amy24@arnold.net,4,NEW
10000181,2020-03-23,2020-04-18,Kevin Robinson,801-352-4537,jasmineobrien@yahoo.com,1,NEW
10000182,2020-03-16,2020-04-25,David Odom,+1-606-431-8399x020,dorothyatkinson@gmail.com,3,NEW
10000183,2020-03-27,2020-04-12,Michael Perez,105.234.2877x099,williammendoza@price-peters.com,2,NEW
10000184,2020-04-02,2020-04-24,Maurice Hensley,001-456-043-7287x69803,ogray@gmail.com,4,NEW
10000185,2020-03-31,2020-04-19,Kimberly Edwards,(670)353-7845x273,nancy79@yoder-humphrey.org,4,NEW
10000186,2020-03-27,2020-04-15,Jim King,+1-410-614-0731x8897,seth21@reed.com,4,NEW
10000187,2020-03-21,2020-04-16,Gabriel Roberts,538.370.5026x66280,catherine58@phillips.com,3,NEW
10000188,2020-03-27,2020-04-11,Karl Ramirez,+1-749-238-9052x714,nortiz@yahoo.com,4,NEW
10000189,2020-04-05,2020-04-15,Maurice Anderson,+1-340-589-1823,myersdavid@hotmail.com,1,NEW
10000190,2020-04-08,2020-04-26,Nichole Ryan,(969)122-9729x24727,csparks@hotmail.com,5,NEW
10000191,2020-03-23,2020-04-15,Kimberly Flores,983.113.9592,lnovak@conner.com,3,NEW
10000192,2020-03-26,2020-04-13,David Nelson,(762)999-6658x1481,ericsmall@hoffman-morris.com,1,NEW
10000193,2020-04-04,2020-04-19,Andrew Fisher,001-760-891-6447x966,robert35@yahoo.com,1,NEW
10000194,2020-04-04,2020-04-26,Megan Cook,8934246788,erusso@torres.biz,2,NEW
10000195,2020-03-18,2020-04-28,Vanessa Morgan,072-003-1848x67958,jake25@cook.com,2,NEW
10000196,2020-04-01,2020-04-12,Vanessa Morgan,(255)367-8208,rileyjacob@yahoo.com,5,CANCELLED
10000197,2020-03-24,2020-04-19,Stephen Frye,706-689-6444x387,mgarrett@henry.biz,4,NEW
10000198,2020-03-16,2020-04-12,Jesus Pacheco,001-900-344-0316,carl66@hardin-johnson.org,3,NEW
10000199,2020-04-02,2020-04-25,Marcus Hamilton,001-631-624-3188x470,gpowers@cuevas-larsen.biz,3,NEW
10000200,2020-03-19,2020-04-23,Brett Schmidt,(059)062-9000x7296,wongrichard@hurst.biz,3,NEW
10000201,2020-03-28,2020-04-15,Tammy Rogers,234.282.0054x9399,hannahking@yahoo.com,2,NEW
10000202,2020-04-03,2020-04-29,Brianna Carson,593-462-4468,zwatson@gmail.com,4,NEW
10000203,2020-04-01,2020-04-18,Tracy Stevens,+1-122-303-1527x0752,jennifercruz@gmail.com,3,NEW
10000204,2020-04-02,2020-04-13,Christina Boyd,001-753-834-1675x8759,gibsonjames@gmail.com,3,NEW
10000205,2020-03-16,2020-04-14,Ronald Jensen,030.493.1844,hodgedominique@vargas-carroll.com,4,NEW
10000206,2020-03-18,2020-04-14,Ann English,672.636.3740x30361,madison50@edwards.com,1,NEW
10000207,2020-04-09,2020-04-27,Paul Dominguez,(956)962-1293x25370,browneric@gmail.com,5,NEW
10000208,2020-03-26,2020-04-13,Dawn Bowman,001-042-313-0805,pateltimothy@yahoo.com,3,NEW
10000209,2020-03-31,2020-04-14,Todd Hamilton,001-304-637-5008x086,rebecca44@hotmail.com,4,NEW
10000210,2020-04-02,2020-04-18,James Baldwin,(814)789-7683,ngonzalez@yahoo.com,3,NEW
10000211,2020-03-24,2020-04-24,Antonio Benson,5560867985,wwoodward@walters.com,3,NEW
10000212,2020-03-16,2020-04-16,Melissa Wood,803.256.7174x70128,aayala@williams.com,3,NEW
10000213,2020-03-19,2020-04-14,John Mullins,381-996-4882,valexander@parker-sandoval.com,3,NEW
10000214,2020-03-16,2020-04-18,Eric Carrillo,087-056-0095,bsmith@hotmail.com,4,NEW
10000215,2020-04-01,2020-04-12,Kyle Simpson,938-239-6145x633,crangel@gmail.com,5,NEW
10000216,2020-04-04,2020-04-14,Ryan Wells MD,+1-317-308-6889x65748,smithdennis@curtis.biz,1,CANCELLED
10000217,2020-03-29,2020-04-29,Erik Foster,316.500.8995x897,bhopkins@rojas.info,5,NEW
10000218,2020-04-01,2020-04-17,Sandra Nunez,001-436-990-9167,irodriguez@gross.net,5,NEW
10000219,2020-03-24,2020-04-16,Tammy Gillespie,+1-579-159-8590x651,laurencervantes@hotmail.com,2,NEW
10000220,2020-04-03,2020-04-13,Sonia Burke,380.776.4816,wilsonmelissa@hotmail.com,2,NEW
10000221,2020-03-28,2020-04-13,Bryan Mosley,733-440-3097x40280,jbishop@fields.info,2,NEW
10000222,2020-03-29,2020-04-29,Angela Vazquez,869.169.6811,gregory41@glover-davis.com,5,NEW
10000223,2020-03-20,2020-04-12,Kathy Case,(964)995-8153x6599,michellevaldez@larson.info,3,NEW
10000224,2020-03-16,2020-04-29,Tina Payne,8789773699,edwardtaylor@yahoo.com,1,NEW
10000225,2020-03-27,2020-04-17,Jorge Griffin,+1-126-896-6915x326,jimenezvirginia@gmail.com,3,NEW
10000226,2020-03-25,2020-04-20,Emily Miller,001-387-926-0163x404,johnathankane@gmail.com,3,NEW
10000227,2020-04-01,2020-04-25,Vincent Richardson,986-500-4218x636,suzannemoore@rogers-mays.net,1,NEW
10000228,2020-03-17,2020-04-27,Daniel Martin,+1-053-572-6642x09826,zsolis@hotmail.com,4,NEW
10000229,2020-04-02,2020-04-12,Samantha Morales,001-770-733-4867x7510,andersonchristopher@yahoo.com,4,NEW
10000230,2020-04-06,2020-04-28,Lisa Smith,823-218-5016x4927,kenneth86@hotmail.com,5,NEW
10000231,2020-03-23,2020-04-16,Laura Mcmahon,553-380-4565,kara16@yahoo.com,3,NEW
10000232,2020-03-28,2020-04-29,Tonya Sosa,526-161-7725,uward@yahoo.com,4,NEW
10000233,2020-04-04,2020-04-15,Colleen Kaufman,8271460645,amanda57@dorsey.com,4,NEW
10000234,2020-04-03,2020-04-28,Jennifer Kramer,+1-695-914-4777x2817,simonjessica@english.com,1,CANCELLED
10000235,2020-03-20,2020-04-19,Charles Hayes,+1-824-057-0640,nicole05@gmail.com,2,NEW
10000236,2020-03-22,2020-04-29,James Parker,081.766.1218,huffchristopher@hotmail.com,3,NEW
10000237,2020-03-16,2020-04-29,Richard Brewer,205.928.1807x394,adamsderek@gmail.com,5,NEW
10000238,2020-03-23,2020-04-20,Ryan Rivera,001-121-172-1024,ortizmatthew@gmail.com,2,NEW
10000239,2020-03-30,2020-04-27,Alan Rodriguez,089.094.8643x4451,joseph18@macdonald.com,2,NEW
10000240,2020-04-06,2020-04-22,Amanda Powers,(062)756-6292,soniamanning@delgado-martinez.net,2,NEW
10000241,2020-03-19,2020-04-27,Sarah Robinson,958.295.0207x139,patricia39@larsen.com,1,NEW
10000242,2020-04-09,2020-04-28,Carlos Frank,+1-060-571-6298x79381,qreid@bruce.net,4,NEW
10000243,2020-03-18,2020-04-24,Julie Guerrero,+1-269-604-9503,rroberts@hotmail.com,1,NEW
10000244,2020-04-08,2020-04-17,Jack Morgan,(354)383-6638,lynnlawrence@olsen-kennedy.net,2,NEW
10000245,2020-03-19,2020-04-21,Tiffany Baldwin,4442253502,michellemcclain@hotmail.com,4,NEW
10000246,2020-03-23,2020-04-11,Thomas Snyder,001-184-577-8034,alyssapreston@allison.info,3,NEW
10000247,2020-04-01,2020-04-15,Jeanette Proctor,(807)983-9025x5399,whenry@curtis-lee.net,1,NEW
10000248,2020-04-07,2020-04-17,Kevin Weber,+1-663-699-4971x774,cmalone@price.net,1,NEW
10000249,2020-03-25,2020-04-29,Lucas Reynolds,285.399.8743x430,grahamdavid@flynn.com,3,NEW
10000250,2020-04-08,2020-04-25,Jessica Jackson,+1-704-355-0345,annedavenport@gmail.com,1,NEW
10000251,2020-04-07,2020-04-27,Jeffrey Davis,+1-336-959-5629x1023,amandadavis@powers.com,5,NEW
10000252,2020-04-05,2020-04-20,Brittany Owens,001-859-165-0644x4321,obonilla@yahoo.com,5,NEW
10000253,2020-03-23,2020-04-29,Jeremy Woods,6006977794,nicholasmoss@reynolds.com,4,NEW
10000254,2020-04-04,2020-04-19,Kristin Green MD,001-862-629-3990,msuarez@delgado.org,5,NEW
10000255,2020-03-18,2020-04-16,Natasha Henry,+1-711-622-1665x97564,kjenkins@gonzalez.biz,2,NEW
10000256,2020-03-31,2020-04-22,Angel Robinson,515-034-2368,sandragillespie@gmail.com,4,NEW
10000257,2020-04-06,2020-04-15,Stephanie Gonzalez,587-026-4221x86334,corey64@hotmail.com,2,NEW
10000258,2020-04-01,2020-04-28,Jeffrey Lambert,+1-293-524-0914x62681,bwilkins@yahoo.com,5,NEW
10000259,2020-03-29,2020-04-19,Lisa Smith,001-083-191-4187x571,josephdavis@daugherty.com,3,CANCELLED
10000260,2020-03-23,2020-04-20,Charles Marshall,(903)158-6591x241,leblanckelsey@cruz.com,4,NEW
10000261,2020-04-06,2020-04-23,Amanda Ayala,(228)760-9439x12866,melissagreene@simpson.com,2,NEW
10000262,2020-04-05,2020-04-19,Veronica Gibson,+1-345-510-9686,alexis48@ross.info,5,NEW
10000263,2020-03-26,2020-04-14,Valerie Gomez,001-662-293-5874x520,lcunningham@murphy.org,5,NEW
10000264,2020-03-31,2020-04-12,Sarah Harris,439-965-5615x197,theodore74@bond-lee.com,2,NEW
10000265,2020-03-24,2020-04-25,Melissa Peterson,992.178.5510,thomas70@hotmail.com,2,NEW
10000266,2020-03-18,2020-04-15,Janet Shaw,(472)831-3876x23507,caustin@yahoo.com,2,NEW
10000267,2020-04-08,2020-04-15,Donna Martinez,300.520.2751x8106,lbrown@hotmail.com,1,NEW
10000268,2020-03-29,2020-04-15,Jose Chavez,679-606-9487,debra84@hotmail.com,1,NEW
10000269,2020-04-03,2020-04-19,Rebecca Zavala,(311)812-1770x0236,timothy70@sanford.info,1,NEW
10000270,2020-03-28,2020-04-19,Dr. Valerie Roberts DDS,025-508-5613x7144,garciajason@gmail.com,5,NEW
10000271,2020-03-26,2020-04-17,Victoria Duke,(415)942-5657x7075,dkidd@gmail.com,5,NEW
10000272,2020-04-02,2020-04-24,Don Mcmillan,892-743-7188,tamarasimpson@smith.com,4,NEW
10000273,2020-03-23,2020-04-21,Christina Little,(292)294-9493x7444,melissa02@simpson.com,1,NEW
10000274,2020-03-17,2020-04-11,Ashley Garcia,+1-672-990-3551x3699,kaylamoore@gmail.com,4,NEW
10000275,2020-03-31,2020-04-16,Jacqueline Mendez,(988)555-1280x667,tfreeman@yahoo.com,5,NEW
10000276,2020-03-19,2020-04-13,Judy Kelly,545-692-2193x134,thomas56@herrera.net,2,NEW
10000277,2020-03-18,2020-04-27,Meghan Bradford,717-195-3661,williamswilliam@nixon.org,5,NEW
10000278,2020-03-18,2020-04-21,Alex Martinez,249-872-1049,andersonmatthew@hotmail.com,5,NEW
10000279,2020-03-30,2020-04-28,Ricky Duran,885.041.8853x89277,joshuahull@yahoo.com,3,NEW
10000280,2020-04-06,2020-04-25,Connor Walsh,(773)107-4221x355,longnicholas@jacobs.net,1,NEW
10000281,2020-04-07,2020-04-28,Nicole Bradford,435-721-8670,michaelstone@gmail.com,5,NEW
10000282,2020-04-03,2020-04-14,Brianna Thompson,(961)428-6078x55204,leealexis@hotmail.com,5,NEW
10000283,2020-03-17,2020-04-13,Dr. Sandra White,646.537.7760x2069,stephanie13@rush-harris.com,1,NEW
10000284,2020-04-09,2020-04-28,Linda Bailey,+1-305-542-6243x922,fmcmillan@ayala.com,5,NEW
10000285,2020-03-24,2020-04-17,Curtis Davis,+1-704-234-5461x58033,diazryan@yahoo.com,2,NEW
10000286,2020-04-07,2020-04-28,Tanya Rodriguez,286.952.3152,jonesbrian@boone.com,3,NEW
10000287,2020-04-08,2020-04-13,Jamie Stein,812.562.1023,kimberly59@hotmail.com,4,NEW
10000288,2020-03-26,2020-04-20,Ashley Hubbard MD,+1-961-749-3057x1131,jonathanlopez@bell.com,5,NEW
10000289,2020-04-01,2020-04-26,Taylor Nelson,591.581.1045x782,jordanwilson@klein.com,5,NEW
10000290,2020-03-29,2020-04-16,Adam Perez,7728374979,simpsonandrew@yahoo.com,2,NEW
10000291,2020-03-24,2020-04-14,Laura Salazar,984.548.2553,howardmichelle@watson.biz,2,NEW
10000292,2020-04-02,2020-04-18,Joe Martin,414.404.4892x320,michaellee@yahoo.com,2,NEW
10000293,2020-03-21,2020-04-15,Mary Walker,(524)785-9382x7245,carlagreen@yahoo.com,3,NEW
10000294,2020-04-08,2020-04-27,Kristi Henry,504.108.3334x631,padillasheila@castillo.com,3,NEW
10000295,2020-04-06,2020-04-19,Christine Ellis,561-869-6992x789,qtodd@yahoo.com,3,NEW
10000296,2020-04-04,2020-04-26,Bryan Alvarez,815.318.5044,vanceraymond@yahoo.com,4,NEW
10000297,2020-03-16,2020-04-20,Natalie Perez,+1-596-489-7064,edwardsdawn@anderson-george.com,5,NEW
10000298,2020-03-26,2020-04-22,Lawrence Wells,001-132-831-6203x7152,sweeneyaaron@yahoo.com,3,NEW
10000299,2020-04-07,2020-04-14,Rebecca Smith,884.106.6733x91287,yfoster@wiggins.com,3,NEW
10000300,2020-03-22,2020-04-16,Morgan Owens,001-502-112-3580x8229,baileyvincent@hotmail.com,1,NEW
10000301,2020-04-04,2020-04-25,James Strickland,425-012-3333,hannahclark@king.net,5,NEW
10000302,2020-03-28,2020-04-26,Robin Young,861.898.3092,tsantos@watkins-avila.info,5,CANCELLED
10000303,2020-03-27,2020-04-21,Denise Stokes,096-140-6718x05487,pavery@hotmail.com,4,NEW
10000304,2020-04-08,2020-04-20,Andrea Thompson,6098555750,paulastafford@ward.net,3,NEW
10000305,2020-04-07,2020-04-14,Dana Horton,(311)041-2106,jamiegomez@powell.net,1,NEW
10000306,2020-03-29,2020-04-15,Carol Davenport,686-732-0692x784,daniel08@gmail.com,4,CANCELLED
10000307,2020-03-20,2020-04-12,Alison Williamson,793-321-5450x5793,bking@hall.biz,3,NEW
10000308,2020-04-02,2020-04-17,Cynthia Carr,(634)186-6942x8103,keith37@johnston.info,4,NEW
10000309,2020-03-16,2020-04-20,Dr. Jessica Bernard,(616)550-1867,uestrada@walker.biz,2,NEW
10000310,2020-03-16,2020-04-21,Marcus Davila,150.300.7732x853,robertmartinez@yahoo.com,1,NEW
10000311,2020-04-09,2020-04-28,Joseph Berry,+1-854-151-8477,agill@hotmail.com,2,NEW
10000312,2020-04-04,2020-04-19,Stacy Mccall,768.640.1420x86534,elizabeth58@hotmail.com,1,NEW
10000313,2020-04-01,2020-04-29,David Wade,403-122-9697x73546,mlin@kelley.com,2,NEW
10000314,2020-03-27,2020-04-18,Jessica Knight,+1-024-631-1117x0187,johnsonshawn@gmail.com,2,NEW
10000315,2020-04-09,2020-04-21,Victor Santiago,+1-464-493-2505x2954,louis47@gmail.com,3,NEW
10000316,2020-04-01,2020-04-11,Danielle Pittman,896-201-2410,legregory@hotmail.com,4,NEW
10000317,2020-03-24,2020-04-16,Susan Velazquez,+1-298-954-9419x140,julielee@stewart-espinoza.com,4,NEW
10000318,2020-03-19,2020-04-28,Heather Silva,001-320-592-7632,hwalton@horn-mendoza.com,4,NEW
10000319,2020-03-18,2020-04-14,Martha Holmes,067.985.5003x319,ncarr@hotmail.com,3,NEW
10000320,2020-04-06,2020-04-16,Valerie Booker,+1-155-873-9403x210,ucampos@yahoo.com,4,NEW
10000321,2020-03-21,2020-04-21,Jacob Reynolds,851-198-4875,jennifermeyer@hotmail.com,5,NEW
10000322,2020-03-24,2020-04-19,Darlene Lopez,393.318.0272x47325,kristinesmith@esparza.com,3,NEW
10000323,2020-04-04,2020-04-23,Monica Decker,599.358.0099x873,jmejia@gmail.com,5,NEW
10000324,2020-03-16,2020-04-24,David Martin,498.430.0633x648,rnolan@robinson.com,5,NEW
10000325,2020-03-21,2020-04-11,Anne Martinez,3398828711,samuelscott@rivera.net,4,NEW
10000326,2020-04-09,2020-04-21,Andrea Goodwin,651-041-5042,hsmith@yahoo.com,4,NEW
10000327,2020-04-05,2020-04-27,Jeff Wilkins,+1-716-532-7097,davidlane@jackson-ingram.com,2,NEW
10000328,2020-03-24,2020-04-15,Jonathan Collins,+1-873-370-4816x29212,holly74@cooper.com,3,NEW
10000329,2020-03-16,2020-04-11,Laurie Grant,840.670.1619,stephaniesmith@castaneda.org,4,NEW
10000330,2020-03-29,2020-04-18,Timothy Graham,001-278-163-3551x71276,douglas28@brown.com,3,NEW
10000331,2020-04-04,2020-04-14,Patrick Solomon,+1-728-337-1374x74829,bradleyhenderson@hotmail.com,1,NEW
10000332,2020-03-16,2020-04-29,Emily Walton,(967)687-0216x4311,codymcclain@english.com,2,NEW
10000333,2020-03-26,2020-04-21,Rebecca Miller,809.181.7516x58094,marcus44@yahoo.com,1,NEW
10000334,2020-03-21,2020-04-15,Michelle Wallace,+1-182-088-3487x8383,smithandrea@horton.com,5,NEW
10000335,2020-03-26,2020-04-26,David Mcclure,(593)145-4965x853,rachel27@raymond.info,3,NEW
10000336,2020-03-21,2020-04-11,James Johnson,(472)876-6389,ann43@smith-wright.com,5,NEW
10000337,2020-04-02,2020-04-18,Amy Willis,(301)152-8898x98230,thomasbarrera@allen.com,1,NEW
10000338,2020-03-23,2020-04-17,Sabrina Stuart,7715111934,holly39@hotmail.com,3,NEW
10000339,2020-04-09,2020-04-17,Matthew Meyer,3875644319,sierra30@alexander.com,4,NEW
10000340,2020-04-08,2020-04-21,Stacy Allen,+1-778-139-7160x131,istewart@hansen.com,5,NEW
10000341,2020-03-25,2020-04-15,Julie Wagner,2824966243,cathybaker@hotmail.com,2,NEW
10000342,2020-03-27,2020-04-11,Alexis Wood,140.943.3209x952,brentgonzales@gmail.com,3,NEW
10000343,2020-03-22,2020-04-26,Dale Smith,001-433-490-6306,morrislisa@whitaker-peterson.com,5,NEW
10000344,2020-04-06,2020-04-15,Wyatt Mcpherson,001-512-924-7315x27915,linda11@turner-wells.net,1,NEW
10000345,2020-03-19,2020-04-28,Juan Boyle,608.564.1970x9382,melanie22@mcgrath.biz,1,NEW
10000346,2020-03-16,2020-04-24,Tonya Price,(947)236-2242,hkirk@hotmail.com,5,NEW
10000347,2020-03-20,2020-04-17,Jerry Hancock,001-719-385-6134x7429,aanderson@yahoo.com,2,CANCELLED
10000348,2020-04-09,2020-04-11,Paul Carter,+1-599-240-2710,ljones@yahoo.com,3,NEW
10000349,2020-03-30,2020-04-16,Mark Jones,001-275-910-1679,becky39@fields.com,3,NEW
10000350,2020-03-23,2020-04-27,Cynthia Rodriguez,491.683.5054,williamsjonathon@hotmail.com,1,NEW
10000351,2020-04-01,2020-04-11,Tyler Waters,268.553.6426,stephaniedelgado@yahoo.com,1,NEW
10000352,2020-04-04,2020-04-13,Darryl Nguyen,+1-664-066-5302,edwardserin@woods.com,5,NEW
10000353,2020-04-05,2020-04-25,Meredith Johnson,941.736.6519,cassandra82@lopez.info,2,NEW
10000354,2020-04-08,2020-04-27,Laurie Dixon,439-029-7310x4001,patelcarla@yahoo.com,5,NEW
10000355,2020-04-08,2020-04-14,Chelsea Hughes,660.707.5926x262,kentmartinez@yahoo.com,1,NEW
10000356,2020-04-01,2020-04-28,Gene Dean,+1-710-765-8480,ygibson@yahoo.com,4,NEW
10000357,2020-03-16,2020-04-24,Wendy Butler,+1-109-063-0500x03885,gmays@yahoo.com,5,NEW
10000358,2020-03-20,2020-04-25,Monique Williams,2251971915,mcfarlandkayla@yahoo.com,1,NEW
10000359,2020-03-29,2020-04-26,Ryan Adams,+1-201-095-9963,pkhan@miller.com,4,NEW
10000360,2020-04-09,2020-04-20,Jeffrey Meyer,(886)262-4567,tayala@medina.com,2,NEW
10000361,2020-04-01,2020-04-24,Aaron Knapp,(986)117-2372,kaufmanmelissa@banks.com,3,NEW
10000362,2020-03-25,2020-04-28,Mandy Wilcox,128.299.9095x00977,michaelnolan@gmail.com,5,NEW
10000363,2020-04-09,2020-04-25,Maria Miles,152.907.5222x072,rhonda12@hotmail.com,2,NEW
10000364,2020-03-24,2020-04-14,Mrs. Nicole Brown,(366)459-7345x17530,alvarezamy@gmail.com,1,NEW
10000365,2020-03-25,2020-04-14,Paul Cortez,772.701.1969x19498,yriley@miller.com,5,NEW
10000366,2020-04-05,2020-04-14,Erin Page,(255)251-9267x036,thomasberg@yahoo.com,5,NEW
10000367,2020-03-18,2020-04-28,Susan Turner,001-001-145-6718x31284,arroyokenneth@gmail.com,5,NEW
10000368,2020-03-21,2020-04-29,Jonathan Johnson,+1-832-764-8537,fkidd@anderson-hanna.com,5,NEW
10000369,2020-04-08,2020-04-19,Carol Manning,792.227.8457,martin66@peterson-williams.org,4,NEW
10000370,2020-03-17,2020-04-14,Kelsey Singleton,001-301-767-2553,xchang@gmail.com,5,NEW
10000371,2020-03-28,2020-04-23,Alyssa Smith,867.752.9619,eanthony@yahoo.com,5,NEW
10000372,2020-04-09,2020-04-24,Linda Arnold,011.608.7075x97404,ujenkins@cruz.info,4,NEW
10000373,2020-04-08,2020-04-29,Nathan Ward,007-093-0250,atkinsonlisa@cline.com,1,NEW
10000374,2020-03-16,2020-04-20,Matthew Knapp,(725)496-8169x260,latoya11@tran.net,5,NEW
10000375,2020-03-20,2020-04-16,Heidi Lucas,(425)887-6125,andersonlinda@gmail.com,4,NEW
10000376,2020-03-23,2020-04-18,John Bruce,(054)494-4750,benjamin49@foster.com,1,NEW
10000377,2020-03-29,2020-04-21,Connor Lopez,775.195.0106,diazluis@hotmail.com,2,NEW
10000378,2020-03-21,2020-04-13,Daniel Hall,(648)324-8145x032,hannahbanks@hotmail.com,2,NEW
10000379,2020-03-31,2020-04-28,Sophia Harding,233-687-9332x0257,odavis@mullins-lester.com,5,NEW
10000380,2020-04-02,2020-04-29,Lisa Berry,788-247-5220x47959,billyparsons@yahoo.com,3,NEW
10000381,2020-03-17,2020-04-26,Jonathan Wilson,(274)210-6604x958,alexandriahunt@hotmail.com,4,NEW
10000382,2020-04-02,2020-04-25,Gary Garner,844.280.1960x25562,jonathan09@conrad-harrell.com,3,NEW
10000383,2020-04-04,2020-04-12,Madison Stanley,(703)182-9841x348,deborah55@hotmail.com,2,NEW
10000384,2020-04-03,2020-04-27,Morgan Bailey,+1-941-797-0528x4254,patrickhernandez@hotmail.com,1,NEW
10000385,2020-03-20,2020-04-15,Anthony Garcia,815-723-0770x05054,brownjohn@hotmail.com,2,NEW
10000386,2020-03-17,2020-04-18,Jaime Greene,001-734-305-8075x42517,robertsshane@gmail.com,1,NEW
10000387,2020-03-31,2020-04-28,Erica Harrison,240-941-4020x728,traceyhall@brooks.info,3,NEW
10000388,2020-03-18,2020-04-23,Christopher Powell MD,001-512-610-5547x42161,michaelmartin@hotmail.com,2,NEW
10000389,2020-03-26,2020-04-21,Amber Butler,+1-331-867-0244x0713,davidbooth@turner.com,5,NEW
10000390,2020-03-17,2020-04-15,Stephanie Tanner,+1-859-598-5120x10604,tarachristensen@yahoo.com,4,NEW
10000391,2020-03-16,2020-04-16,Andrew Williams,467.452.5182,zgrant@hotmail.com,2,NEW
10000392,2020-03-18,2020-04-11,Emma Costa,001-249-642-3343x800,teresasoto@wright.net,4,NEW
10000393,2020-03-27,2020-04-15,Ryan Griffin,368-111-1847x912,tamara45@gmail.com,2,NEW
10000394,2020-03-24,2020-04-21,Alexandra Little,001-734-185-1253x99250,ccooley@gmail.com,2,NEW
10000395,2020-03-19,2020-04-22,Ronald Romero,(152)533-6042,jeremycastillo@hotmail.com,2,NEW
10000396,2020-03-19,2020-04-23,John Moore,001-563-252-0377x6116,patriciahill@watson.com,1,NEW
10000397,2020-04-06,2020-04-18,Janet Jones,111.740.7345x36263,paulrubio@gmail.com,2,NEW
10000398,2020-04-03,2020-04-13,David Hickman,001-721-831-7805x833,edwardbaker@hotmail.com,3,NEW
10000399,2020-04-03,2020-04-16,Joseph Smith,001-332-961-5688x8880,pamela72@patel.org,3,NEW
10000400,2020-03-31,2020-04-23,Walter Rodriguez,580.855.1129,edwinnavarro@brooks.com,3,NEW
10000401,2020-03-16,2020-04-11,Christopher Baker,926.352.5683,reesejeremiah@patterson.com,1,NEW
10000402,2020-03-31,2020-04-19,Karen Rodriguez,722.526.7556x39145,pbryan@gmail.com,2,NEW
10000403,2020-04-02,2020-04-21,Arthur Luna,518.360.0001,awebb@gmail.com,3,NEW
10000404,2020-04-01,2020-04-13,Matthew Pratt,+1-159-584-3443x7634,bdaniels@hill.com,2,NEW
10000405,2020-04-08,2020-04-26,Joel Jackson,+1-579-508-0728x21169,petersonmonica@yahoo.com,3,NEW
10000406,2020-04-02,2020-04-15,Jake Chapman,(014)349-2009x542,thomaspeter@porter-frazier.net,3,NEW
10000407,2020-03-20,2020-04-29,Teresa Smith,+1-707-900-6494x274,hicksvictoria@yahoo.com,5,NEW
10000408,2020-03-16,2020-04-21,Melissa Caldwell,001-425-129-3915,anthony22@wilson.org,4,NEW
10000409,2020-04-03,2020-04-19,Michael George,+1-801-306-0761x90720,elizabethriggs@hendricks-becker.com,3,NEW
10000410,2020-03-18,2020-04-22,Jacob Johnson,001-476-245-6132x2424,gabriellesmith@gmail.com,1,NEW
10000411,2020-03-28,2020-04-12,Laura Dunn,580.230.0548x568,irodriguez@noble-bullock.com,1,NEW
10000412,2020-03-29,2020-04-21,Robert Davis,001-575-951-7428x1219,justin35@hotmail.com,1,NEW
10000413,2020-04-01,2020-04-19,Mary Evans,(587)026-3017x3154,nathanrodriguez@davis-perkins.com,1,NEW
10000414,2020-04-05,2020-04-11,Laura Bowen,(753)274-3866,jenniferlewis@hotmail.com,3,NEW
10000415,2020-03-28,2020-04-17,Donald Foley,435-925-0506,dominiqueeaton@henry.com,2,NEW
10000416,2020-03-18,2020-04-16,Charles Freeman,001-142-453-0025,braytravis@hotmail.com,5,NEW
10000417,2020-03-19,2020-04-20,Vanessa Campbell,(322)306-4269,lance57@hotmail.com,5,NEW
10000418,2020-03-29,2020-04-15,Lisa Sanders,882.614.9209x04547,jamiewolf@gmail.com,4,NEW
10000419,2020-04-03,2020-04-14,Linda Boyd,+1-387-839-5464x61196,benjaminsteven@rodriguez.com,5,NEW
10000420,2020-03-20,2020-04-20,Robert Levy,+1-453-489-0853x95564,mmartinez@hotmail.com,4,NEW
10000421,2020-03-26,2020-04-20,Debbie Pitts,187-898-0946x94910,nreynolds@boyer.com,5,NEW
10000422,2020-03-24,2020-04-14,Kevin Garcia,(896)017-1001x90165,vlee@schneider.biz,2,NEW
10000423,2020-03-18,2020-04-28,Andrew Larson,001-516-857-3478x7013,bbrown@gmail.com,3,NEW
10000424,2020-04-01,2020-04-25,Ryan Williams,179.887.9723x503,lawsonmichelle@hotmail.com,4,NEW
10000425,2020-04-03,2020-04-21,John Clark,+1-508-807-6428,berrycasey@gmail.com,1,NEW
10000426,2020-03-22,2020-04-19,Patrick Foster,525.202.1146x34608,mcbrideisaac@yahoo.com,5,CANCELLED
10000427,2020-03-20,2020-04-15,William Martinez,+1-162-829-2004x6813,simpsonchristine@escobar.net,1,NEW
10000428,2020-04-09,2020-04-17,Dakota Moon,6351620053,linda19@hotmail.com,4,NEW
10000429,2020-03-18,2020-04-13,Lisa Johnson,+1-051-628-9376x71257,tranamanda@gmail.com,5,CANCELLED
10000430,2020-03-24,2020-04-29,Scott Gibbs,001-028-701-1268x4330,michaelhenderson@yahoo.com,4,CANCELLED
10000431,2020-03-22,2020-04-20,Renee Dean,952.882.6054x2661,dayjoel@hotmail.com,4,NEW
10000432,2020-04-08,2020-04-18,Karen Lloyd,100-330-9262,djones@ruiz.org,4,NEW
